{
  "standard-deviations": {
    "uav0000297_00000_v": {
      "position": 12.644690876431362,
      "depth": 0.6871275236949388,
      "feature": 12.316325527412152,
      "shape": 6.74712121114706
    },
    "uav0000370_00001_v": {
      "position": 9.188608834130562,
      "depth": 0.33886665292786744,
      "feature": 6.869526597320115,
      "shape": 3.5276420528871157
    },
    "uav0000249_00001_v": {
      "position": 8.052619991308616,
      "depth": 1.2215540083715501,
      "feature": 5.445359702200443,
      "shape": 5.828235432293781
    },
    "uav0000077_00720_v": {
      "position": 5.772455143492016,
      "depth": 0.5553673359019013,
      "feature": 4.944079866251906,
      "shape": 3.34340304914687
    },
    "uav0000201_00000_v": {
      "position": 4.7915013520921175,
      "depth": 0.5265758644708297,
      "feature": 3.190832482674931,
      "shape": 1.6086305690531644
    },
    "uav0000073_00600_v": {
      "position": 3.1604812618275915,
      "depth": 0.46085180946731263,
      "feature": 3.4348801352212375,
      "shape": 3.3071729754114503
    },
    "uav0000188_00000_v": {
      "position": 1.1624134468086005,
      "depth": 0.781797991017749,
      "feature": 3.113312079037489,
      "shape": 0.5480155286089705
    },
    "uav0000161_00000_v": {
      "position": 1.5414947493686149,
      "depth": 0.2542908726421472,
      "feature": 2.109224001319778,
      "shape": 0.7528514175229881
    },
    "uav0000120_04775_v": {
      "position": 5.074163281007889,
      "depth": 0.394298663151628,
      "feature": 4.000390303181381,
      "shape": 2.4738227019998305
    },
    "uav0000009_03358_v": {
      "position": 5.453553215033546,
      "depth": 0.29503358725202894,
      "feature": 1.9738608766991104,
      "shape": 1.5997255668908965
    },
    "uav0000119_02301_v": {
      "position": 1.6305773104303927,
      "depth": 0.3465952499083079,
      "feature": 2.4349486372112867,
      "shape": 1.6739890466193437
    },
    "uav0000297_02761_v": {
      "position": 2.5467660948013253,
      "depth": 0.2800563350831535,
      "feature": 7.989027913936114,
      "shape": 1.8520667549461916
    },
    "uav0000073_04464_v": {
      "position": 1.4156678090576498,
      "depth": 0.34162120893815456,
      "feature": 3.663257733819716,
      "shape": 1.49251137493763
    },
    "uav0000355_00001_v": {
      "position": 2.469739126039318,
      "depth": 0.22147657871939042,
      "feature": 4.643984472878747,
      "shape": 1.9711894966569856
    },
    "uav0000249_02688_v": {
      "position": 6.193521204427429,
      "depth": 1.0306176865892887,
      "feature": 3.0666926777411647,
      "shape": 2.584762503931423
    },
    "uav0000306_00230_v": {
      "position": 1.3289874941848117,
      "depth": 0.6185879472104566,
      "feature": 2.2581475551930783,
      "shape": 0.9544048463641907
    },
    "uav0000088_00290_v": {
      "position": 2.215347281342883,
      "depth": 0.32718753592625704,
      "feature": 1.9915688172497765,
      "shape": 1.1130981391717985
    }
  },
  "mean-standard-deviations": {
    "position": 4.1468104706547075,
    "depth": 0.4823281584040535,
    "feature": 4.080301076630467,
    "shape": 2.2988134815327603
  }
}
