{
  "standard-deviations": {
    "uav0000297_00000_v": {
      "position": 12.644690876431362,
      "depth": 0.6871275236949388,
      "feature": 12.316325527412152
    },
    "uav0000370_00001_v": {
      "position": 9.188608834130562,
      "depth": 0.33886665292786744,
      "feature": 6.869526597320115
    },
    "uav0000249_00001_v": {
      "position": 8.052619991308616,
      "depth": 1.2215540083715501,
      "feature": 5.445359702200443
    },
    "uav0000077_00720_v": {
      "position": 5.772455143492016,
      "depth": 0.5553673359019013,
      "feature": 4.944079866251906
    },
    "uav0000201_00000_v": {
      "position": 4.7915013520921175,
      "depth": 0.5265758644708297,
      "feature": 3.190832482674931
    },
    "uav0000073_00600_v": {
      "position": 3.1604812618275915,
      "depth": 0.46085180946731263,
      "feature": 3.4348801352212375
    },
    "uav0000188_00000_v": {
      "position": 1.1624134468086005,
      "depth": 0.781797991017749,
      "feature": 3.113312079037489
    },
    "uav0000161_00000_v": {
      "position": 1.5414947493686149,
      "depth": 0.2542908726421472,
      "feature": 2.109224001319778
    },
    "uav0000120_04775_v": {
      "position": 5.074163281007889,
      "depth": 0.394298663151628,
      "feature": 4.000390303181381
    },
    "uav0000009_03358_v": {
      "position": 5.453553215033546,
      "depth": 0.29503358725202894,
      "feature": 1.9738608766991104
    },
    "uav0000119_02301_v": {
      "position": 1.6305773104303927,
      "depth": 0.3465952499083079,
      "feature": 2.4349486372112867
    },
    "uav0000297_02761_v": {
      "position": 2.5467660948013253,
      "depth": 0.2800563350831535,
      "feature": 7.989027913936114
    },
    "uav0000073_04464_v": {
      "position": 1.4156678090576498,
      "depth": 0.34162120893815456,
      "feature": 3.663257733819716
    },
    "uav0000355_00001_v": {
      "position": 2.469739126039318,
      "depth": 0.22147657871939042,
      "feature": 4.643984472878747
    },
    "uav0000249_02688_v": {
      "position": 6.193521204427429,
      "depth": 1.0306176865892887,
      "feature": 3.0666926777411647
    },
    "uav0000306_00230_v": {
      "position": 1.3289874941848117,
      "depth": 0.6185879472104566,
      "feature": 2.2581475551930783
    },
    "uav0000088_00290_v": {
      "position": 2.215347281342883,
      "depth": 0.32718753592625704,
      "feature": 1.9915688172497765
    }
  },
  "mean-standard-deviations": {
    "position": 4.1468104706547075,
    "depth": 0.4823281584040535,
    "feature": 4.080301076630467
  }
}
